{"cameraMode":{"drawMode":0,"name":"Shaded","section":"Shading Mode"},"sceneLighting":false,"audioPlay":false,"sceneViewState":{"showFog":true,"showMaterialUpdate":false,"showSkybox":false,"showFlares":true,"showImageEffects":true,"showParticleSystems":true},"in2DMode":false,"pivot":{"x":1.0,"y":0.7235617637634277,"z":7.888484001159668},"rotation":{"x":-0.002039617858827114,"y":-0.9974939823150635,"z":0.06292527168989182,"w":-0.032337989658117297},"size":1.158099889755249,"orthographic":true}