{"cameraMode":{"drawMode":0,"name":"Shaded","section":"Shading Mode"},"sceneLighting":false,"audioPlay":false,"sceneViewState":{"showFog":true,"showMaterialUpdate":false,"showSkybox":false,"showFlares":true,"showImageEffects":true,"showParticleSystems":true},"in2DMode":false,"pivot":{"x":8.036253929138184,"y":0.4317063093185425,"z":7.9142351150512699},"rotation":{"x":-0.10721275210380554,"y":-0.41845494508743288,"z":-0.049820512533187869,"w":0.9005103707313538},"size":1.0587886571884156,"orthographic":true}