{"cameraMode":{"drawMode":0,"name":"Shaded","section":"Shading Mode"},"sceneLighting":false,"audioPlay":false,"sceneViewState":{"showFog":true,"showMaterialUpdate":false,"showSkybox":false,"showFlares":true,"showImageEffects":true,"showParticleSystems":true},"in2DMode":false,"pivot":{"x":825.74072265625,"y":483.526611328125,"z":363.080810546875},"rotation":{"x":0.004499478731304407,"y":-0.014999285340309143,"z":0.00006749724707333371,"w":0.999877393245697},"size":582.6917724609375,"orthographic":true}